{
    "LinearRegression": {
        "MAE": 0.47,
        "MSE": 0.36,
        "RMSE": 0.60,
        "R2": 0.64
    },
    "RandomForest": {
        "MAE": 0.32,
        "MSE": 0.20,
        "RMSE": 0.44,
        "R2": 0.80
    },
    "XGBoost": {
        "MAE": 0.34,
        "MSE": 0.21,
        "RMSE": 0.45,
        "R2": 0.80
    },
    "NeuralNetwork": {
        "MAE": 0.8080708980560303,
        "MSE": 1.0113388299942017,
        "RMSE": 1.0056533813476562,
        "R2": -7.167437387822773e-05
    }
}